tweet_id,airline_sentiment,airline_sentiment_confidence,negativereason,negativereason_confidence,airline,airline_sentiment_gold,name,negativereason_gold,retweet_count,text,tweet_coord,tweet_created,tweet_location,user_timezone
5.70306E+17,neutral,1,,,Virgin America,,cairdin,,0,@VirginAmerica What @dhepburn said.,,24/02/2015 11:35,,Eastern Time (US & Canada)
5.70301E+17,positive,0.3486,,0,Virgin America,,jnardino,,0,@VirginAmerica plus you've added commercials to the experience... tacky.,,24/02/2015 11:15,,Pacific Time (US & Canada)
5.70301E+17,neutral,0.6837,,,Virgin America,,yvonnalynn,,0,@VirginAmerica I didn't today... Must mean I need to take another trip!,,24/02/2015 11:15,Lets Play,Central Time (US & Canada)
5.70301E+17,negative,1,Bad Flight,0.7033,Virgin America,,jnardino,,0,"@VirginAmerica it's really aggressive to blast obnoxious ""entertainment"" in your guests' faces &amp; they have little recourse",,24/02/2015 11:15,,Pacific Time (US & Canada)
5.70301E+17,negative,1,Can't Tell,1,Virgin America,,jnardino,,0,@VirginAmerica and it's a really big bad thing about it,,24/02/2015 11:14,,Pacific Time (US & Canada)
5.70301E+17,negative,1,Can't Tell,0.6842,Virgin America,,jnardino,,0,"@VirginAmerica seriously would pay $30 a flight for seats that didn't have this playing.
it's really the only bad thing about flying VA",,24/02/2015 11:14,,Pacific Time (US & Canada)
5.70301E+17,positive,0.6745,,0,Virgin America,,cjmcginnis,,0,"@VirginAmerica yes, nearly every time I fly VX this ‚Äúear worm‚Äù won‚Äôt go away :)",,24/02/2015 11:13,San Francisco CA,Pacific Time (US & Canada)
5.703E+17,neutral,0.634,,,Virgin America,,pilot,,0,"@VirginAmerica Really missed a prime opportunity for Men Without Hats parody, there. https://t.co/mWpG7grEZP",,24/02/2015 11:12,Los Angeles,Pacific Time (US & Canada)
5.703E+17,positive,0.6559,,,Virgin America,,dhepburn,,0,"@virginamerica Well, I didn't‚Ä¶but NOW I DO! :-D",,24/02/2015 11:11,San Diego,Pacific Time (US & Canada)
5.70295E+17,positive,1,,,Virgin America,,YupitsTate,,0,"@VirginAmerica it was amazing, and arrived an hour early. You're too good to me.",,24/02/2015 10:53,Los Angeles,Eastern Time (US & Canada)
5.70294E+17,neutral,0.6769,,0,Virgin America,,idk_but_youtube,,0,@VirginAmerica did you know that suicide is the second leading cause of death among teens 10-24,,24/02/2015 10:48,1/1 loner squad,Eastern Time (US & Canada)
5.7029E+17,positive,1,,,Virgin America,,HyperCamiLax,,0,@VirginAmerica I &lt;3 pretty graphics. so much better than minimal iconography. :D,,24/02/2015 10:30,NYC,America/New_York
5.7029E+17,positive,1,,,Virgin America,,HyperCamiLax,,0,@VirginAmerica This is such a great deal! Already thinking about my 2nd trip to @Australia &amp; I haven't even gone on my 1st trip yet! ;p,,24/02/2015 10:30,NYC,America/New_York
5.70287E+17,positive,0.6451,,,Virgin America,,mollanderson,,0,@VirginAmerica @virginmedia I'm flying your #fabulous #Seductive skies again! U take all the #stress away from travel http://t.co/ahlXHhKiyn,,24/02/2015 10:21,,Eastern Time (US & Canada)
5.70286E+17,positive,1,,,Virgin America,,sjespers,,0,@VirginAmerica Thanks!,,24/02/2015 10:15,"San Francisco, CA",Pacific Time (US & Canada)
5.70282E+17,negative,0.6842,Late Flight,0.3684,Virgin America,,smartwatermelon,,0,@VirginAmerica SFO-PDX schedule is still MIA.,,24/02/2015 10:01,"palo alto, ca",Pacific Time (US & Canada)
5.70278E+17,positive,1,,,Virgin America,,ItzBrianHunty,,0,@VirginAmerica So excited for my first cross country flight LAX to MCO I've heard nothing but great things about Virgin America. #29DaysToGo,,24/02/2015 9:42,west covina,Pacific Time (US & Canada)
5.70277E+17,negative,1,Bad Flight,1,Virgin America,,heatherovieda,,0,@VirginAmerica  I flew from NYC to SFO last week and couldn't fully sit in my seat due to two large gentleman on either side of me. HELP!,,24/02/2015 9:39,this place called NYC,Eastern Time (US & Canada)
5.70271E+17,positive,1,,,Virgin America,,thebrandiray,,0,I ‚ù§Ô∏è flying @VirginAmerica. ‚ò∫Ô∏èüëç,,24/02/2015 9:15,Somewhere celebrating life. ,Atlantic Time (Canada)
5.70268E+17,positive,1,,,Virgin America,,JNLpierce,,0,@VirginAmerica you know what would be amazingly awesome? BOS-FLL PLEASE!!!!!!! I want to fly with only you.,,24/02/2015 9:04,Boston | Waltham,Quito
5.70266E+17,negative,0.6705,Can't Tell,0.3614,Virgin America,,MISSGJ,,0,@VirginAmerica why are your first fares in May over three times more than other carriers when all seats are available to select???,,24/02/2015 8:55,,
5.70264E+17,positive,1,,,Virgin America,,DT_Les,,0,@VirginAmerica I love this graphic. http://t.co/UT5GrRwAaA,"[40.74804263, -73.99295302]",24/02/2015 8:49,,
5.70259E+17,positive,1,,,Virgin America,,ElvinaBeck,,0,@VirginAmerica I love the hipster innovation. You are a feel good brand.,,24/02/2015 8:30,Los Angeles,Pacific Time (US & Canada)
5.70259E+17,neutral,1,,,Virgin America,,rjlynch21086,,0,@VirginAmerica will you be making BOS&gt;LAS non stop permanently anytime soon?,,24/02/2015 8:27,"Boston, MA ",Eastern Time (US & Canada)
5.70257E+17,negative,1,Customer Service Issue,0.3557,Virgin America,,ayeevickiee,,0,@VirginAmerica you guys messed up my seating.. I reserved seating with my friends and you guys gave my seat away ... üò° I want free internet,,24/02/2015 8:18,714,Mountain Time (US & Canada)
5.70249E+17,negative,1,Customer Service Issue,1,Virgin America,,Leora13,,0,@VirginAmerica status match program.  I applied and it's been three weeks.  Called and emailed with no response.,,24/02/2015 7:49,,
5.7024E+17,negative,1,Can't Tell,0.6614,Virgin America,,meredithjlynn,,0,@VirginAmerica What happened 2 ur vegan food options?! At least say on ur site so i know I won't be able 2 eat anything for next 6 hrs #fail,,24/02/2015 7:11,,
5.70218E+17,neutral,0.6854,,,Virgin America,,AdamSinger,,0,@VirginAmerica do you miss me? Don't worry we'll be together very soon.,,24/02/2015 5:44,"San Francisco, CA",Central Time (US & Canada)
5.70208E+17,negative,1,Bad Flight,1,Virgin America,,blackjackpro911,,0,@VirginAmerica amazing to me that we can't get any cold air from the vents. #VX358 #noair #worstflightever #roasted #SFOtoBOS,"[42.361016, -71.02000488]",24/02/2015 5:05,"San Mateo, CA & Las Vegas, NV",
5.70125E+17,neutral,0.615,,0,Virgin America,,TenantsUpstairs,,0,@VirginAmerica LAX to EWR - Middle seat on a red eye. Such a noob maneuver. #sendambien #andchexmix,"[33.94540417, -118.4062472]",23/02/2015 23:34,Brooklyn,Atlantic Time (Canada)
5.70114E+17,negative,1,Flight Booking Problems,1,Virgin America,,jordanpichler,,0,"@VirginAmerica hi! I just bked a cool birthday trip with you, but i can't add my elevate no. cause i entered my middle name during Flight Booking Problems üò¢",,23/02/2015 22:52,,Vienna
5.70095E+17,neutral,1,,,Virgin America,,JCervantezzz,,0,@VirginAmerica Are the hours of operation for the Club at SFO that are posted online current?,,23/02/2015 21:35,"California, San Francisco",Pacific Time (US & Canada)
5.70088E+17,negative,1,Customer Service Issue,1,Virgin America,,Cuschoolie1,,0,"@VirginAmerica help, left expensive headphones on flight 89 IAD to LAX today. Seat 2A. No one answering L&amp;F number at LAX!","[33.94209449, -118.40410103]",23/02/2015 21:10,Washington DC,Quito
5.70085E+17,negative,1,Customer Service Issue,1,Virgin America,,amanduhmccarty,,0,"@VirginAmerica awaiting my return phone call, just would prefer to use your online self-service option :(",,23/02/2015 20:55,,Pacific Time (US & Canada)
5.70077E+17,positive,1,,,Virgin America,,NorthTxHomeTeam,,0,@VirginAmerica this is great news!  America could start flights to Hawaii by end of year http://t.co/r8p2Zy3fe4 via @Pacificbiznews,"[33.2145038, -96.9321504]",23/02/2015 20:24,Texas,Central Time (US & Canada)
5.70052E+17,neutral,0.6207,,,Virgin America,,miaerolinea,,0,Nice RT @VirginAmerica: Vibe with the moodlight from takeoff to touchdown. #MoodlitMonday #ScienceBehindTheExperience http://t.co/Y7O0uNxTQP,,23/02/2015 18:46,Worldwide,Caracas
5.70051E+17,positive,1,,,Virgin America,,Nicsplace,,0,@VirginAmerica Moodlighting is the only way to fly! Best experience EVER! Cool and calming. üíú‚úà #MoodlitMonday,,23/02/2015 18:43,Central Texas,
5.70045E+17,positive,1,,,Virgin America,,Nicsplace,,0,"@VirginAmerica @freddieawards Done and done! Best airline around, hands down!",,23/02/2015 18:19,Central Texas,
5.70039E+17,neutral,0.6791,,0,Virgin America,,elisha_malulani,,0,@VirginAmerica when can I book my flight to Hawaii??,,23/02/2015 17:54,i'm creating a monster ,Pacific Time (US & Canada)
5.70036E+17,negative,1,Customer Service Issue,1,Virgin America,,DannyDouglass,,0,@VirginAmerica Your chat support is not working on your site: http://t.co/vhp2GtDWPk,,23/02/2015 17:41,"San Francisco, CA",Pacific Time (US & Canada)
5.70034E+17,positive,0.6639,,,Virgin America,,jamesferrandini,,0,"@VirginAmerica View of downtown Los Angeles, the Hollywood Sign, and beyond that rain in the mountains! http://t.co/Dw5nf0ibtr",,23/02/2015 17:32,,
5.70025E+17,negative,0.6688,Flight Booking Problems,0.6688,Virgin America,,will_lenzenjr,,0,"@VirginAmerica Hey, first time flyer next week - excited! But I'm having a hard time getting my flights added to my Elevate account. Help?",,23/02/2015 17:00,Iowa City,Central Time (US & Canada)
5.70016E+17,neutral,1,,,Virgin America,,GottAmanda,,0,@VirginAmerica plz help me win my bid upgrade for my flight 2/27 LAX---&gt;SEA!!!  üç∑üëçüí∫‚úàÔ∏è,"[34.0219817, -118.38591198]",23/02/2015 16:24,Los Angeles,
5.70015E+17,neutral,0.6578,,0,Virgin America,,KGervaise,,0,@VirginAmerica I have an unused ticket but moved to a new city where you don't fly. How can I fly with you before it expires? #travelhelp,,23/02/2015 16:20,Georgia,Pacific Time (US & Canada)
5.70014E+17,neutral,1,,,Virgin America,,papamurat,,0,@VirginAmerica are flights leaving Dallas for Seattle on time Feb 24?,,23/02/2015 16:13,,
5.70012E+17,positive,1,,,Virgin America,,arieldaie,,0,@VirginAmerica I'm #elevategold for a good reason: you rock!!,,23/02/2015 16:08,Los Angeles,
5.70011E+17,neutral,0.6799,,,Virgin America,,vacations7,,0,@VirginAmerica  DREAM http://t.co/oA2dRfAoQ2 http://t.co/lWWdAc2kHx,,23/02/2015 16:04,Turks and caicos,
5.70011E+17,positive,1,,,Virgin America,,ChelseaPoe666,,0,@VirginAmerica wow this just blew my mind,,23/02/2015 16:01,Oakland via Midwest ,Atlantic Time (Canada)
5.70011E+17,neutral,1,,,Virgin America,,BobGlavinVO,,0,@VirginAmerica @ladygaga @carrieunderwood After last night #tribute #SoundOfMusic #Oscars2015 @ladygaga! I think @carrieunderwood agree,,23/02/2015 16:01,"New York, NY",Eastern Time (US & Canada)
5.7001E+17,neutral,0.6436,,,Virgin America,,lisaaiko,,0,@VirginAmerica @ladygaga @carrieunderwood All were entertaining,,23/02/2015 15:58,,
5.70009E+17,neutral,0.6764,,0,Virgin America,,grantbrowne,,0,"@VirginAmerica Is flight 769 on it's way? Was supposed to take off 30 minutes ago. Website still shows ""On Time"" not ""In Flight"". Thanks.",,23/02/2015 15:55,Worldwide,Central Time (US & Canada)
5.70007E+17,positive,0.657,,,Virgin America,,joyabsalon,,0,@VirginAmerica @ladygaga @carrieunderwood Julie Andrews all the way though @ladygaga was very impressive! NO to @Carrieunderwood,,23/02/2015 15:46,Northern Virginia,Eastern Time (US & Canada)
5.70004E+17,neutral,1,,,Virgin America,,2v,,0,@VirginAmerica wish you flew out of Atlanta... Soon?,,23/02/2015 15:36,Los Angeles / Atlanta,Eastern Time (US & Canada)
5.70001E+17,neutral,0.7118,,0,Virgin America,,KSmithFoundHere,,0,@VirginAmerica @ladygaga @carrieunderwood Julie Andrews. Hands down.,,23/02/2015 15:24,,Atlantic Time (Canada)
5.7E+17,neutral,1,,,Virgin America,,papamurat,,0,@VirginAmerica Will flights be leaving Dallas for LA on February 24th?,,23/02/2015 15:19,,
5.69996E+17,negative,0.6939,Flight Booking Problems,0.6939,Virgin America,,murphicus,,0,@VirginAmerica hi! i'm so excited about your $99 LGA-&gt;DAL deal- but i've been trying 2 book since last week &amp; the page never loads. thx!,,23/02/2015 15:05,"new york, new york",Eastern Time (US & Canada)
5.69996E+17,positive,1,,,Virgin America,,VinnieFerra,,0,@VirginAmerica you know it. Need it on my spotify stat #guiltypleasures,,23/02/2015 15:04,"brooklyn, Ny",Pacific Time (US & Canada)
5.6999E+17,positive,0.635,,,Virgin America,,KevinDemsi,,0,@VirginAmerica @ladygaga @carrieunderwood  I'm Lady Gaga!!! She is amazing! üòä,,23/02/2015 14:40,"Bali, Republic of Indonesia",Kuala Lumpur
5.6999E+17,neutral,0.7007,,,Virgin America,,giffgaffman,,0,@VirginAmerica @ladygaga @carrieunderwood - Carrie!,,23/02/2015 14:40,"UK, USA. ",
5.6999E+17,neutral,1,,,Virgin America,,HanlonBrothers,,0,@VirginAmerica New marketing song? https://t.co/F2LFULCbQ7 let us know what you think?,,23/02/2015 14:37,"Gold Coast, Australia",Brisbane
5.69989E+17,neutral,1,,,Virgin America,,emilybg78,,0,@VirginAmerica @ladygaga @carrieunderwood Julie Andrews first but Lady Gaga wow'd me last night. Carrie? Meh.,,23/02/2015 14:36,"Stockton, CA",Arizona
5.69989E+17,negative,1,Customer Service Issue,1,Virgin America,,rachie1126,,0,@VirginAmerica I called a 3-4 weeks ago about adding 3 flights from 2014 to my Elevate...they still haven't shown up...help!,,23/02/2015 14:35,"New York, NY",Eastern Time (US & Canada)
5.69988E+17,neutral,0.6858,,,Virgin America,,adawson66,,0,"@VirginAmerica @ladygaga @carrieunderwood all are great , but I have to go with #CarrieUnderwood üòçüëå","[33.57963333, -117.73024772]",23/02/2015 14:30,,
5.69987E+17,neutral,1,,,Virgin America,,SocialPLC,,0,"@VirginAmerica @LadyGaga @CarrieUnderwood Sorry, Mary Martin had it first!",,23/02/2015 14:26,"Twin Cities, Minn.",Eastern Time (US & Canada)
5.69986E+17,positive,1,,,Virgin America,,jeffreymace01,,0,@VirginAmerica @ladygaga @carrieunderwood  love all three but you really can't beat the classics!,,23/02/2015 14:25,,
5.69982E+17,neutral,0.6814,,0,Virgin America,,1stcrown,,0,@VirginAmerica Flight 0736 DAL to DCA 2/24 2:10pm. Tried to check in could not. Status please.,,23/02/2015 14:09,USA,Central Time (US & Canada)
5.69977E+17,negative,1,Customer Service Issue,1,Virgin America,,onerockgypsy,,0,@VirginAmerica heyyyy guyyyys.. been trying to get through for an hour. can someone call me please? :/,,23/02/2015 13:46,next city,Pacific Time (US & Canada)
5.69974E+17,negative,1,Late Flight,0.6789,Virgin America,,noelduan,,0,"@VirginAmerica Hi, Virgin! I'm on hold for 40-50 minutes -- are there any earlier flights from LA to NYC tonight; earlier than 11:50pm?",,23/02/2015 13:35,SF ‚Üî NY,Eastern Time (US & Canada)
5.69973E+17,positive,0.6922,,,Virgin America,,Travelzoo,,0,@VirginAmerica Congrats on winning the @Travelzoo award for Best Deals from an Airline (US) http://t.co/kj1iljaebV,,23/02/2015 13:30,"New York, NY",Pacific Time (US & Canada)
5.69967E+17,negative,1,Lost Luggage,1,Virgin America,,gianagon,,0,@VirginAmerica everything was fine until you lost my bag,"[40.6413712, -73.78311558]",23/02/2015 13:08,New York + Panama,Eastern Time (US & Canada)
5.69962E+17,neutral,1,,,Virgin America,,bxchen,,0,@virginamerica Need to change reservation. Have Virgin credit card. Do I need to modify on phone to waive change fee? Or can I do online?,,23/02/2015 12:47,"San Francisco, CA",Eastern Time (US & Canada)
5.6995E+17,neutral,0.6492,,0,Virgin America,,seimatrun,,0,@VirginAmerica I emailed your customer service team. Let me know if you need the tracking number.,,23/02/2015 12:00,Los Angeles,
5.69949E+17,neutral,1,,,Virgin America,,jamied7,,0,"@VirginAmerica hi I just booked a flight but need to add baggage, how can I do this?",,23/02/2015 11:56,"London, England",London
5.69946E+17,negative,1,Flight Attendant Complaints,0.3516,Virgin America,,seimatrun,,0,@VirginAmerica your airline is awesome but your lax loft needs to step up its game. $40 for dirty tables and floors? http://t.co/hy0VrfhjHt,,23/02/2015 11:46,Los Angeles,
5.69943E+17,positive,1,,,Virgin America,,mrmichaellay,,0,"@VirginAmerica not worried, it's been a great ride in a new plane with great crew. All airlines should be like this.","[36.08457854, -115.13780136]",23/02/2015 11:32,Floridian from Cincinnati ,Eastern Time (US & Canada)
5.69942E+17,positive,1,,,Virgin America,,TaylorLumsden,,0,@VirginAmerica awesome. I flew yall Sat morning. Any way we can correct my bill ?,,23/02/2015 11:28,"Dallas, Texas",Mountain Time (US & Canada)
5.69941E+17,neutral,1,,,Virgin America,,campusmoviefest,,0,"@VirginAmerica Or watch some of the best student films in the country at 35,000 feet! #CMFat35000feet http://t.co/KEK5pDMGiF",,23/02/2015 11:24,USA,Eastern Time (US & Canada)
5.6994E+17,neutral,1,,,Virgin America,,TaylorLumsden,,0,@VirginAmerica first time flying you all. do you have a different rate/policy for media Bags? Thanks,,23/02/2015 11:22,"Dallas, Texas",Mountain Time (US & Canada)
5.69935E+17,negative,1,Customer Service Issue,1,Virgin America,,meme_meng,,0,@VirginAmerica what is going on with customer service? Is there anyway to speak to a human asap? Thank you.,,23/02/2015 11:02,,
5.69934E+17,neutral,1,,,Virgin America,,kyle_romanoff,,0,@VirginAmerica what happened to Doom?!,,23/02/2015 10:58,,
5.69934E+17,negative,1,Customer Service Issue,1,Virgin America,,GunsNDip,,0,@VirginAmerica why can't you supp the biz traveler like @SouthwestAir  and have customer service like @JetBlue #neverflyvirginforbusiness,,23/02/2015 10:56,,Pacific Time (US & Canada)
5.69934E+17,positive,1,,,Virgin America,,artisticwritr87,,0,@VirginAmerica I've applied more then once to be a member of the #inflight crew team...Im 100% interested. #flightattendant #dreampath -G,,23/02/2015 10:56,"Seattle, WA",Pacific Time (US & Canada)
5.69933E+17,negative,0.6792,Late Flight,0.3477,Virgin America,,arieldaie,,0,@VirginAmerica you're the best!! Whenever I (begrudgingly) use any other airline I'm delayed and Late Flight :(,,23/02/2015 10:54,Los Angeles,
5.69933E+17,negative,1,Can't Tell,1,Virgin America,,GunsNDip,,0,@VirginAmerica I have no interesting flying with you after this. I will Cancelled Flight my next four flights I planned.#neverflyvirginforbusiness,,23/02/2015 10:54,,Pacific Time (US & Canada)
5.69929E+17,negative,1,Can't Tell,1,Virgin America,,GunsNDip,,0,@VirginAmerica it was a disappointing experience which will be shared with every business traveler I meet. #neverflyvirgin,,23/02/2015 10:38,,Pacific Time (US & Canada)
5.69927E+17,negative,1,Flight Booking Problems,1,Virgin America,,jsatk,,0,@VirginAmerica I‚Äôm having trouble adding this flight my wife booked to my Elevate account. Help? http://t.co/pX8hQOKS3R,"[0.0, 0.0]",23/02/2015 10:29,"Lower Pacific Heights, SF, CA",Pacific Time (US & Canada)
5.69923E+17,neutral,0.6705,,0,Virgin America,,serenaklal,,0,@VirginAmerica Can't bring up my reservation online using Flight Booking Problems code,,23/02/2015 10:15,Chicago,Eastern Time (US & Canada)
5.69922E+17,neutral,1,,,Virgin America,,openambit1,,0,@VirginAmerica Random Q: what's the distribution of elevate avatars? I bet that kitty has a disproportionate share http://t.co/APtZpuROp4,,23/02/2015 10:09,,
5.69921E+17,neutral,0.6545,,0,Virgin America,,cabowine,,0,@VirginAmerica I &lt;3 Flying VA But Life happens and I am trying to #change my trip JPERHI  Can you help.VA home page will not let me ?,,23/02/2015 10:04,"Los Cabos,Mexico",Arizona
5.69919E+17,negative,1,Can't Tell,0.6513,Virgin America,,MaryAnnTaylorT,,0,@VirginAmerica Why is the site down?  When will it be back up?,,23/02/2015 9:57,"New York, NY",Arizona
5.69916E+17,neutral,1,,,Virgin America,,RamotControl,,0,"@VirginAmerica ""You down with RNP?"" ""Yeah you know me!""",,23/02/2015 9:45,,Pacific Time (US & Canada)
5.69913E+17,neutral,0.6639,,0,Virgin America,,losermelon,,0,"@VirginAmerica hi, i did not get points on my elevate account for my most recent flight, how do i add the flight and points to my account?",,23/02/2015 9:35,,
5.69912E+17,negative,1,Cancelled Flight,1,Virgin America,,AlisonK33774854,,0,@VirginAmerica I like the TV and interesting video . Just disappointed in Cancelled Flightled flight when other flights went out to jfk on Saturday .,,23/02/2015 9:29,,
5.69912E+17,negative,1,Late Flight,1,Virgin America,,GunsNDip,,0,"@VirginAmerica just landed in LAX, an hour after I should of been here. Your no Late Flight bag check is not business travel friendly #nomorevirgin",,23/02/2015 9:28,,Pacific Time (US & Canada)
5.69911E+17,neutral,0.6765,,0,Virgin America,,yazdanagh,,0,@VirginAmerica why is flight 345 redirected?,,23/02/2015 9:26,,
5.69911E+17,negative,1,Customer Service Issue,0.6863,Virgin America,,MerchEngines,,0,"@VirginAmerica Is it me, or is your website down?  BTW, your new website isn't a great user experience.  Time for another redesign.",,23/02/2015 9:25,"Los Angeles, CA",Arizona
5.69909E+17,negative,1,Customer Service Issue,0.6771,Virgin America,,ColorCartel,,0,@VirginAmerica I can't check in or add a bag. Your website isn't working. I've tried both desktop and mobile http://t.co/AvyqdMpi1Y,,23/02/2015 9:18,"Austin, TX",Mountain Time (US & Canada)
5.69907E+17,negative,1,Can't Tell,0.659,Virgin America,,MustBeSpoken,,0,@VirginAmerica - Let 2 scanned in passengers leave the plane than told someone to remove their bag from 1st class bin? #uncomfortable,,23/02/2015 9:11,,
5.69897E+17,negative,1,Flight Booking Problems,0.6714,Virgin America,,mattbunk,,0,@virginamerica What is your phone number. I can't find who to call about a flight reservation.,,23/02/2015 8:29,"Sterling Heights, MI",Eastern Time (US & Canada)
5.69894E+17,negative,1,Customer Service Issue,1,Virgin America,,louisjenny,,0,@VirginAmerica is anyone doing anything there today?  Website is useless and no one is answering the phone.,,23/02/2015 8:19,Washington DC,Quito
5.69894E+17,neutral,1,,,Virgin America,,STravelsW,,0,@VirginAmerica trying to add my boy Prince to my ressie. SF this Thursday @VirginAmerica from LAX http://t.co/GsB2J3c4gM,,23/02/2015 8:19,"Manhattan Beach, CA",
5.69892E+17,negative,1,Late Flight,0.6882,Virgin America,,GunsNDip,,0,@VirginAmerica why must a traveler miss a flight to Late Flight check a bag?  I missed my morning appointments and you lost my business. #sfo2lax,,23/02/2015 8:11,,Pacific Time (US & Canada)
5.69891E+17,neutral,1,,,Virgin America,,joeyrenagade,,0,@VirginAmerica check out new music http://t.co/maRcnOCWzn,,23/02/2015 8:08,Greater Los Angeles,
5.69891E+17,negative,0.6925,Late Flight,0.3521,Virgin America,,mrmichaellay,,0,@virginamerica how's a direct flight FLL-&gt;SFO have unexpected layover in Vegas 4 fuel yet peeps next to me bought for Vegas flight. #sneaky,"[0.0, 0.0]",23/02/2015 8:08,Floridian from Cincinnati ,Eastern Time (US & Canada)
5.69887E+17,negative,1,Late Flight,0.3486,Virgin America,,GunsNDip,,0,@VirginAmerica your no Late Flight bag check just lost you my business. I missed flight and AM apt. Three other people on flight had same exp.,,23/02/2015 7:51,,Pacific Time (US & Canada)
5.69887E+17,positive,1,,,Virgin America,,TheDuchessSF,,0,"@VirginAmerica - amazing customer  service, again! üíïüíï RaeAnn in SF - she's the best! #customerservice #virginamerica #flying",,23/02/2015 7:50,Online,Pacific Time (US & Canada)
5.69885E+17,negative,1,Customer Service Issue,1,Virgin America,,BeLeather,,0,@VirginAmerica called your service line and was hung up on. This is awesome. #sarcasm,"[0.0, 0.0]",23/02/2015 7:40,,Pacific Time (US & Canada)
5.69884E+17,negative,1,Flight Booking Problems,0.6366,Virgin America,,BeLeather,,0,@VirginAmerica your site is tripping. I'm trying to check in and I'm getting the plain text version. I am reluctant to enter any card info.,"[0.0, 0.0]",23/02/2015 7:40,,Pacific Time (US & Canada)
5.69882E+17,neutral,0.6593,,0,Virgin America,,drcaseydrake,,0,@VirginAmerica I was scheduled for SFO 2 DAL flight 714 today. Changed to 24th due weather. Looks like flight still on?,"[37.79374402, -122.39327564]",23/02/2015 7:28,"Dallas, TX",
5.69874E+17,positive,0.6823,,0,Virgin America,,flyfromWAS,,0,"@VirginAmerica has getaway deals through May, from $59 one-way. Lots of cool cities http://t.co/tZZJhuIbCH #CheapFlights #FareCompare",,23/02/2015 6:57,"Washington, DC",Eastern Time (US & Canada)
5.69874E+17,neutral,1,,,Virgin America,,flyfromSEA,,0,"@VirginAmerica has getaway deals through May, from $59 one-way. Lots of cool cities http://t.co/RPdBpX3wNd #CheapFlights #FareCompare",,23/02/2015 6:57,Seattle,Central Time (US & Canada)
5.69874E+17,positive,0.6806,,,Virgin America,,flyfromNYC,,0,"@VirginAmerica has getaway deals through May, from $59 one-way. Lots of cool cities http://t.co/B2Xi4YG5T8 #CheapFlights #FareCompare",,23/02/2015 6:57,"New York City, NY",Central Time (US & Canada)
5.69874E+17,neutral,0.6529,,,Virgin America,,flyfromLAX,,0,"@VirginAmerica has getaway deals through May, from $59 one-way. Lots of cool cities http://t.co/QDlJHslOI5 #CheapFlights #FareCompare",,23/02/2015 6:57,"Los Angeles, CA",Central Time (US & Canada)
5.69872E+17,positive,0.678,,,Virgin America,,Silvanabfer,,0,@VirginAmerica Have a great week üåû‚úà,,23/02/2015 6:51,,
5.69861E+17,positive,0.3482,,0,Virgin America,,AdamJdubs,,0,@VirginAmerica come back to #PHL already. We need you to take us out of this horrible cold. #pleasecomeback http://t.co/gLXFwP6nQH,,23/02/2015 6:07,Earth,Eastern Time (US & Canada)
5.69848E+17,negative,1,Late Flight,1,Virgin America,,nicholas_v,,0,"@VirginAmerica should I be concerned that I am about to fly on a plane that needs to be delayed due to a ""tech stop""?","[26.074379, -80.1416831]",23/02/2015 5:15,,Eastern Time (US & Canada)
5.69814E+17,positive,1,,,Virgin America,,tstashajones,,0,"@VirginAmerica is the best airline I have flown on.Easy to change your reservation,helpful representatives &amp; a comfortable flying experience",,23/02/2015 3:01,"Halifax, Nova Scotia, Canada",Eastern Time (US & Canada)
5.69778E+17,positive,1,,,Virgin America,,SkateMamas,,0,@VirginAmerica and again! Another rep kicked butt! Naelah represents your team so beautifully!! Thank you!!!,,23/02/2015 0:35,"Los Angeles, CA",
5.69774E+17,positive,1,,,Virgin America,,dngoo,,0,@VirginAmerica your beautiful front-end design is down right now; but it was cool to still book my ticket b/c all your back-end was secure.,,23/02/2015 0:21,"Near a park, water, or lights",Pacific Time (US & Canada)
5.6977E+17,positive,1,,,Virgin America,,SamBrittenham,,0,"@VirginAmerica Love the team running Gate E9 at LAS tonight. Waited for a delayed flight, and they kept things entertaining",,23/02/2015 0:06,USA,Eastern Time (US & Canada)
5.69748E+17,negative,0.6832,Customer Service Issue,0.3773,Virgin America,,usagibrian,,0,@VirginAmerica Use another browser! 2015 &amp; a brand with a reputation built on tech response doesn't have a cross-browser compatible website?,,22/02/2015 22:39,San Francisco CA,Pacific Time (US & Canada)
5.69741E+17,negative,1,Flight Booking Problems,0.6767,Virgin America,,usagibrian,,0,"@VirginAmerica And now the flight Flight Booking Problems site is totally down. Folks, what is the problem?",,22/02/2015 22:11,San Francisco CA,Pacific Time (US & Canada)
5.69738E+17,negative,1,Customer Service Issue,0.6527,Virgin America,,KindofLuke,,0,@VirginAmerica I like the customer service but a 40 min delay just for connecting passengers seems too long. VA370,,22/02/2015 21:56,,
5.69714E+17,positive,1,,,Virgin America,,ptbrodie,,0,@VirginAmerica thanks to your outstanding NYC-JFK crew who moved mountains to get me home to San Francisco tonight!,,22/02/2015 20:23,San Francisco,
5.69675E+17,positive,1,,,Virgin America,,cheryleng,,0,@VirginAmerica you have the absolute best team and customer service ever.  Every time I fly with you I'm delighted.  Thank you!,"[33.9469039, -118.40716847]",22/02/2015 17:48,,Pacific Time (US & Canada)
5.69674E+17,neutral,1,,,Virgin America,,HishamSharaby,,0,"@VirginAmerica Do you provide complimentary upgrades to first class, if there are available seats?",,22/02/2015 17:45,New York,Eastern Time (US & Canada)
5.69666E+17,negative,0.6703,Customer Service Issue,0.6703,Virgin America,,ChrisFordisHere,,0,@VirginAmerica i need to change my flight thats scheduled in 9 hours and 120 min wait time on phone. Im calling intern. Help!!,"[51.04345575, -114.06071363]",22/02/2015 17:14,NYC,Tehran
5.69652E+17,positive,1,,,Virgin America,,JKF1897,,0,@VirginAmerica completely awesome experience last month BOS-LAS nonstop. Thanks for such an awesome flight and depart time. #VAbeatsJblue,,22/02/2015 16:18,,
5.69649E+17,neutral,1,,,Virgin America,,F6x,,0,@VirginAmerica How can I watch the #Oscars2015 on my JFK-&gt;SFO flight?,"[40.64662464, -73.77090177]",22/02/2015 16:05,"San Francisco, CA",Pacific Time (US & Canada)
5.69643E+17,neutral,0.6535,,0,Virgin America,,lawyang588,,0,@VirginAmerica is flight 882 Cancelled Flightled and what do I do if it is?,,22/02/2015 15:41,,
5.69643E+17,negative,1,Customer Service Issue,0.6448,Virgin America,,melokudo,,0,@VirginAmerica you are failing your customers because your check in process does not link to TSA pre-check.,,22/02/2015 15:40,,Eastern Time (US & Canada)
5.69634E+17,negative,1,Can't Tell,1,Virgin America,,ChrysiChrysic,,0,@VirginAmerica @FiDiFamilies us too! Terrible airline! Just gave us a hotel hotline number and said sorry,,22/02/2015 15:06,,
5.69634E+17,neutral,1,,,Virgin America,,nikkisixxfan93,,0,@VirginAmerica has flight number 276 from SFO to Cabo San Lucas arrived yet?,,22/02/2015 15:03,"Sacramento,California",Pacific Time (US & Canada)
5.69633E+17,negative,1,Cancelled Flight,0.6875,Virgin America,,ChrysiChrysic,,0,@VirginAmerica @ChrysiChrysic your assistance yesterday when u Cancelled Flightled our flight was to give us a hotel hotline  Shame on you!,,22/02/2015 15:02,,
5.6963E+17,negative,1,Late Flight,1,Virgin America,,MOCBlogger,,0,@VirginAmerica Another delayed flight? #likingyoulessandless,,22/02/2015 14:49,San Diego,Alaska
5.69627E+17,negative,1,Customer Service Issue,1,Virgin America,,tfaz,,0,@VirginAmerica I need to register a service dog for a first class ticket from SFO &gt; Dulles. The phone queue is an hour or longer. Pls advise,,22/02/2015 14:39,"Oakland, California",Pacific Time (US & Canada)
5.69626E+17,positive,1,,,Virgin America,,lisaptv,,1,@virginamerica you ROCK for making it so I can watch #Oscars on my flight!! #redcarpet #oscars #oscars2015,,22/02/2015 14:32,,Mountain Time (US & Canada)
5.69626E+17,neutral,1,,,Virgin America,,dropapp,,0,"@VirginAmerica, @reallytallchris dropped a track on you... https://t.co/zv2pt6TRK9",,22/02/2015 14:31,,
5.6962E+17,positive,0.7011,,,Virgin America,,HollywoodHotMom,,0,@VirginAmerica always!!! Xoxo,,22/02/2015 14:09,All Over!,Pacific Time (US & Canada)
5.6962E+17,negative,1,Flight Booking Problems,1,Virgin America,,GoShar2012,,0,@VirginAmerica why can't we book seats on your flights when we buy them or even during check in? Creates so much anxiety! #frustrated,,22/02/2015 14:07,"Providence, RI",Eastern Time (US & Canada)
5.69619E+17,negative,0.6543,Flight Attendant Complaints,0.3562,Virgin America,,MOCBlogger,,0,@VirginAmerica You'd think paying an extra $100 bucks RT for luggage might afford you hiring an extra hand at @sfo #lame,,22/02/2015 14:03,San Diego,Alaska
5.69616E+17,positive,1,,,Virgin America,,SkateMamas,,0,@VirginAmerica best customer service rep in the world! #irmafromDallas takes the cake!!!,,22/02/2015 13:55,"Los Angeles, CA",
5.69615E+17,neutral,0.355,,0,Virgin America,,FiDiFamilies,,0,@VirginAmerica Can you find us a flt out of LAX that is sooner than midnight on Monday? That would be great customer service üòÉ,,22/02/2015 13:49,New York City ,Eastern Time (US & Canada)
5.69614E+17,negative,0.6889,Late Flight,0.6889,Virgin America,,jarrydosborne,,0,@VirginAmerica please provide status for flight 769.  I cant imagine it's on time as the Web indicates  dude to weather here and/or Dallas,,22/02/2015 13:47,New York,Eastern Time (US & Canada)
5.69614E+17,positive,1,,,Virgin America,,HollywoodHotMom,,0,@VirginAmerica you have amazing staff &amp; super helpful as I just ran the @WaltDisneyWorld #PrincessHalf they have spoiled me with comfort!!!,,22/02/2015 13:45,All Over!,Pacific Time (US & Canada)
5.6961E+17,negative,1,Cancelled Flight,1,Virgin America,,mlorenzen,,0,"@VirginAmerica I paid the premium to fly you across the country, you Cancelled Flight my flight and offer no check fee or upgrade love? Sad face :(",,22/02/2015 13:29,"iPhone: 29.741360,-90.131523",Pacific Time (US & Canada)
5.69608E+17,negative,0.679,Flight Booking Problems,0.3684,Virgin America,,Tyler_Starrine,,0,@VirginAmerica question: is it not possible to book a seat for an infant under 2? It's not giving me the option but we want a seat for him.,,22/02/2015 13:23,Los Angeles,Pacific Time (US & Canada)
5.696E+17,positive,1,,,Virgin America,,jessicajaymes,,2,Always have it together!!! You're welcome! RT @VirginAmerica: @jessicajaymes You're so welcome.,"[33.94652852, -118.40766257]",22/02/2015 12:49,"hollywood, california",Pacific Time (US & Canada)
5.69596E+17,positive,1,,,Virgin America,,livingfitly,,0,@virginamerica #flight home to #dc #sunset #globe in' #backtowinter back to #work! #refreshed http://t.co/VX9vBCTdLf,,22/02/2015 12:35,"Washington, DC",Eastern Time (US & Canada)
5.69596E+17,negative,1,Damaged Luggage,0.6501,Virgin America,,khartline,,0,.@VirginAmerica I don't understand why you need a DM to give me an answer on if you have a damaged luggage policy.,,22/02/2015 12:34,Las Vegas,Pacific Time (US & Canada)
5.69594E+17,negative,1,Damaged Luggage,1,Virgin America,,khartline,,0,.@VirginAmerica does that mean you don't have a policy for destroyed luggage?,,22/02/2015 12:27,Las Vegas,Pacific Time (US & Canada)
5.69587E+17,neutral,1,,,Virgin America,,MACRoxburgh,,0,@VirginAmerica is there special assistance if I travel alone w/2 kids and 1 infant? Priority boarding?,,22/02/2015 11:56,,Atlantic Time (Canada)
5.69581E+17,positive,1,,,Virgin America,,paulnakada,,0,@VirginAmerica thank you for checking in. tickets are purchased and customer is happy ;-),,22/02/2015 11:33,San Francisco,Pacific Time (US & Canada)
5.69576E+17,neutral,1,,,Virgin America,,wildcatdad,,0,@VirginAmerica is your website ever coming back online?,,22/02/2015 11:13,,
5.69575E+17,neutral,0.6732,,0,Virgin America,,RheaThurman1,,0,"@VirginAmerica  - Is Flight 713 from Love Field to SFO definitely Cancelled Flightled for Monday, February 23?",,22/02/2015 11:10,,
5.69575E+17,neutral,1,,,Virgin America,,Osiris91780,,0,@VirginAmerica Is flight 0769 out of LGA to DFW on time?,,22/02/2015 11:10,,
5.69575E+17,neutral,1,,,Virgin America,,HeatherWhoo,,0,@VirginAmerica my drivers license is expired by a little over a month. Can I fly Friday morning using my expired license?,,22/02/2015 11:10,,
5.69573E+17,negative,1,Customer Service Issue,0.6983,Virgin America,,paulnakada,,0,@VirginAmerica having problems Flight Booking Problems on the web site. keeps giving me an error and to contact by phone.  phone is 30 minute wait.,,22/02/2015 11:02,San Francisco,Pacific Time (US & Canada)
5.69573E+17,negative,0.6593,Cancelled Flight,0.6593,Virgin America,,RampantSmashing,,0,@VirginAmerica How do I reschedule my Cancelled Flightled flights online? The change button is greyed out!,,22/02/2015 11:01,CA,
5.69567E+17,negative,1,Flight Booking Problems,0.6556,Virgin America,,intlwriter,,0,"@VirginAmerica I rang, but there is a wait for 35 minutes!! I can book the same ticket through a vendor, fix your site",,22/02/2015 10:38,@ the moment in New Delhi,Pacific Time (US & Canada)
5.69565E+17,negative,1,Late Flight,0.3571,Virgin America,,finslippy,,0,"@VirginAmerica got a flight (we were told) for 4:50 today..,checked my email and its for 4;50 TOMORROW. This is unacceptable.",,22/02/2015 10:30,Brooklyn,Eastern Time (US & Canada)
5.69565E+17,negative,1,Cancelled Flight,1,Virgin America,,finslippy,,0,"@VirginAmerica our flight into lga was Cancelled Flighted. We're stuck in Dallas. I called to reschedule, told I could get a flight for today...(1/2)",,22/02/2015 10:29,Brooklyn,Eastern Time (US & Canada)
5.69562E+17,negative,1,Bad Flight,1,Virgin America,,Gr8Fratsby,,0,@virginamerica why don't any of the pairings include red wine?! Only white is offered :( #redwineisbetter,,22/02/2015 10:19,"Washington, DC",Eastern Time (US & Canada)
5.69541E+17,negative,0.6517,Customer Service Issue,0.3371,Virgin America,,sbaaronson,,0,@VirginAmerica is the website down?,,22/02/2015 8:56,Los Angeles,
5.6954E+17,negative,0.68,Customer Service Issue,0.35,Virgin America,,jonesbasf,,0,@VirginAmerica - Your site seems a little wonked right now. May want to have a look. Tried on two browsers. No CSS? http://t.co/8qsQMM7KF2,,22/02/2015 8:53,,
5.69495E+17,negative,1,Customer Service Issue,0.7002,Virgin America,,Gr8Fratsby,,0,@VirginAmerica I'm disappointed that the agent at the designated silver status check in line @Dulles_Airport closed to assist all pasengers,,22/02/2015 5:51,"Washington, DC",Eastern Time (US & Canada)
5.69482E+17,neutral,1,,,Virgin America,,NewsSWA,,0,@VirginAmerica Plans to Include Austin to its Dallas Route - TopNews Arab #Emirates http://t.co/aqZWecOkk2,,22/02/2015 5:02,FL410,Sydney
5.69478E+17,negative,1,Customer Service Issue,1,Virgin America,,CSHangover,,0,@VirginAmerica Is it normal to receive no reply from Central Baggage #baggageissues #smh,,22/02/2015 4:43,Tokyo,Irkutsk
5.69461E+17,negative,1,longlines,0.6818,Virgin America,,girlphotophilly,,0,@VirginAmerica at Logan airport and waiting to checkin for my 9am flight. Checkin desk not open !!!!! Why?!,,22/02/2015 3:39,"Philadelphia, Pa",Eastern Time (US & Canada)
5.6946E+17,neutral,1,,,Virgin America,,NewsSWA,,0,@VirginAmerica to jump into the Dallas-Austin market - @Dallas_News http://t.co/EwwGi97gdx,,22/02/2015 3:32,FL410,Sydney
5.69452E+17,neutral,1,,,Virgin America,,NewsSWA,,0,"@VirginAmerica Beats EPS Views, Takes On #SouthwestAir VA LUV - Investor's Business Daily http://t.co/FLwmGDAHxu",,22/02/2015 3:02,FL410,Sydney
5.69447E+17,neutral,1,,,Virgin America,,Graemelodge5545,,0,@VirginAmerica Lister to my show my on Monday 1230 130,,22/02/2015 2:42,,
5.69429E+17,neutral,1,,,Virgin America,,NewsSWA,,0,@VirginAmerica to begin Dallas-Austin #flights in April - 88.9 KETR http://t.co/SSUVWwkyHH,,22/02/2015 1:32,FL410,Sydney
5.69369E+17,negative,1,Can't Tell,0.663,Virgin America,,Boards707,,0,"@VirginAmerica congrats, you just got all my business from EWR to SFO/LAX. Fuck you @united fl1289 SFO/EWR was the clincher...",,21/02/2015 21:32,"Belmar, NJ",Eastern Time (US & Canada)
5.69368E+17,negative,1,Customer Service Issue,0.6777,Virgin America,,MikeWiener,,0,@VirginAmerica  I applied over 2 weeks ago. Haven't heard back and I'm flying this week #disappointed,,21/02/2015 21:28,,Eastern Time (US & Canada)
5.69356E+17,neutral,0.6816,,0,Virgin America,,khartline,,0,@VirginAmerica I'd love to know what your policy is for damaged luggage.,,21/02/2015 20:41,Las Vegas,Pacific Time (US & Canada)
5.69354E+17,positive,1,,,Virgin America,,simpasmore,,0,@VirginAmerica Thank you for the follow,,21/02/2015 20:33,Barbados ,Eastern Time (US & Canada)
5.69351E+17,negative,1,Customer Service Issue,1,Virgin America,,ChrysiChrysic,,0,@VirginAmerica - too many apologies! You r the worse airlines! Don't even respond to your cudtomers,,21/02/2015 20:21,,
5.69349E+17,negative,1,Cancelled Flight,0.3709,Virgin America,,ChrysiChrysic,,0,@VirginAmerica shame on VA for making people spend money in stranded cities when other airlines are landing at JFK! Who will reimburse me?,,21/02/2015 20:11,,
5.69325E+17,neutral,0.6701,,0,Virgin America,,TTINAC11,,0,@VirginAmerica @TTINAC11 I DM you,,21/02/2015 18:35,"Las Vegas, NV",Mountain Time (US & Canada)
5.69323E+17,neutral,0.6942,,0,Virgin America,,elaurawrr,,0,@VirginAmerica can you please have flights in  SJC ? I have no choice but to fly Southwest to Vegas üò©üò≠,,21/02/2015 18:29,,Arizona
5.69323E+17,negative,1,Customer Service Issue,0.7148,Virgin America,,joyabsalon,,0,@VirginAmerica too bad you say it takes 10 to 14 days via YOUR confirmation email. When I inquired after 3 weeks you claim 6 to 8 weeks!,,21/02/2015 18:29,Northern Virginia,Eastern Time (US & Canada)
5.69319E+17,negative,0.6791,Cancelled Flight,0.6791,Virgin America,,meladorri,,0,@VirginAmerica Flight from BOS &gt; LAS tomorrow was Cancelled Flightled. No notification; wait times are 1+ hour. Will you rebook on another airline?,,21/02/2015 18:11,"Boston, MA",Central Time (US & Canada)
5.69318E+17,positive,0.3579,,0,Virgin America,,miaerolinea,,0,üòé RT @VirginAmerica: You‚Äôve met your match. Got status on another airline? Upgrade (+restr): http://t.co/RHKaMx9VF5. http://t.co/PYalebgkJt,,21/02/2015 18:09,Worldwide,Caracas
5.69316E+17,positive,1,,,Virgin America,,archiegips,,0,@VirginAmerica Only way to fly! #Elevate #Gold,,21/02/2015 18:02,LaLa Land,Pacific Time (US & Canada)
5.69311E+17,neutral,0.653,,,Virgin America,,obiwantoby,,0,@VirginAmerica If only you guys had flights from CMH.,,21/02/2015 17:43,,Quito
5.69311E+17,negative,1,Can't Tell,0.648,Virgin America,,MarwaYousofzoy,,0,"@VirginAmerica a lot of ""apologies"" being thrown out to customers from what I can see.Very sad. Thanks for nothing. Worst airline ever.",,21/02/2015 17:41,,
5.69311E+17,negative,1,Flight Attendant Complaints,0.6729,Virgin America,,TTINAC11,,0,@VirginAmerica  for all my flight stuff wrong and did nothing about it. Had #worst #flight ever,,21/02/2015 17:40,"Las Vegas, NV",Mountain Time (US & Canada)
5.69305E+17,neutral,0.6743,,0,Virgin America,,TheNotoriousLEX,,0,@VirginAmerica Having an issue finding a missing item on a plane. Can you help me find which airport my plane headed to next?,,21/02/2015 17:18,Chicago ,Central Time (US & Canada)
5.69304E+17,positive,0.6783,,,Virgin America,,advertisingdiva,,0,@VirginAmerica you will match my #AmericanAirlines status? Cool!,"[38.9128188, -77.00798226]",21/02/2015 17:15,DC - LA - Venice Beach,Eastern Time (US & Canada)
5.69304E+17,neutral,0.6863,,,Virgin America,,Floxie10,,0,‚Äú@VirginAmerica:You've met your match.Got status on another airline? Upgrade : http://t.co/H952rDKTqy‚Äù @asarco_ES_ar ? üôâ,,21/02/2015 17:14,Argentina,
5.69304E+17,negative,1,Flight Booking Problems,0.6705,Virgin America,,alexrkonrad,,0,@VirginAmerica trying to book a flight with you guys and your website won't let me... about to lose my business,,21/02/2015 17:13,"New York, NY",Eastern Time (US & Canada)
5.69304E+17,negative,1,Can't Tell,1,Virgin America,,MarwaYousofzoy,,0,@VirginAmerica you suck!,,21/02/2015 17:13,,
5.69298E+17,positive,1,,,Virgin America,,lexiesalas,,0,@VirginAmerica thanks!,,21/02/2015 16:50,BAYAREA‚úàÔ∏èNYC,Pacific Time (US & Canada)
5.6929E+17,negative,1,Flight Booking Problems,0.6648,Virgin America,,MaximWheatley,,0,@VirginAmerica Just DM'd. Same issue persisting.,,21/02/2015 16:19,"Washington, DC",Atlantic Time (Canada)
5.69282E+17,negative,1,Cancelled Flight,1,Virgin America,,FiDiFamilies,,0,@VirginAmerica Because we never rec'd Cancelled Flightlation notice we were left w no options to fly out of PS. Driving to LA for a red eye Mon w kids,,21/02/2015 15:47,New York City ,Eastern Time (US & Canada)
5.69278E+17,negative,1,Flight Booking Problems,1,Virgin America,,lexiesalas,,0,@VirginAmerica trying to book a flight &amp; your site is down üòÅ,,21/02/2015 15:29,BAYAREA‚úàÔ∏èNYC,Pacific Time (US & Canada)
5.69277E+17,negative,0.7158,Cancelled Flight,0.7158,Virgin America,,Artenis15,,0,@VirginAmerica You have any flights flying into Boston tomorrow? I need to be home and you Cancelled Flightled my flight and didn't do anything,,21/02/2015 15:27,MA // Ashton in Wonderland,Eastern Time (US & Canada)
5.69264E+17,negative,1,Cancelled Flight,1,Virgin America,,NancyJFriedman,,0,@VirginAmerica you stink. Flight Cancelled Flighted from PSP to JFK and no notification or ability to rebook #disappointed.  #expected better,,21/02/2015 14:34,New York City,Eastern Time (US & Canada)
5.69263E+17,positive,1,,,Virgin America,,JT_Magana,,0,@VirginAmerica I love your guy's song! We're dancing to it for our high school dance revue,,21/02/2015 14:28,,
5.69262E+17,negative,1,Customer Service Issue,0.6733,Virgin America,,MaximWheatley,,0,@VirginAmerica Your website is down and I'm trying to check in!,,21/02/2015 14:27,"Washington, DC",Atlantic Time (Canada)
5.69261E+17,positive,1,,,Virgin America,,carabubes,,0,"@VirginAmerica done! Thank you for the quick response, apparently faster than sitting on hold ;)",,21/02/2015 14:24,"Los Angeles, California",Central Time (US & Canada)
5.69261E+17,neutral,0.6809,,0,Virgin America,,carabubes,,0,@VirginAmerica nervous about my flight from DC to LAX getting Cancelled Flightled tomorrow! Just sent you a DM to help me!,,21/02/2015 14:23,"Los Angeles, California",Central Time (US & Canada)
5.69261E+17,positive,1,,,Virgin America,,wmrrock,,0,@VirginAmerica cool picture of another VirginAmerica plane off our wing. What a site! http://t.co/5B2agFd8c4,,21/02/2015 14:21,CT,Eastern Time (US & Canada)
5.69253E+17,positive,1,,,Virgin America,,DailyBillboard,,0,@VirginAmerica Keep up the great work :),,21/02/2015 13:52,"Los Angeles, California",Pacific Time (US & Canada)
5.69253E+17,positive,1,,,Virgin America,,BigRichTexasPam,,0,@VirginAmerica my goodness your people @love field are amazing under pressure ‚ù§Ô∏èfrom Texas #beatstheothers in crisis Please fly me to NY,"[32.84359605, -96.84910929]",21/02/2015 13:52,FREE ADVICE! ,Central Time (US & Canada)
5.6925E+17,positive,0.6775,,0,Virgin America,,rtw4,,0,@VirginAmerica Thanks for a great flight from LA to Boston! Pilots did a great job landing in the snow. Can we go back to LA now? #seriously,,21/02/2015 13:41,"Natick, MA, USA",Central Time (US & Canada)
5.69248E+17,neutral,1,,,Virgin America,,casualdiego,,0,@VirginAmerica can you please get me to the new york area before monday afternoon,,21/02/2015 13:32,"okayville, population me",
5.69248E+17,positive,1,,,Virgin America,,kyle_romanoff,,0,"@VirginAmerica Thanks so much for the awesome support, you guys rock!",,21/02/2015 13:32,,
5.69248E+17,negative,0.7053,Bad Flight,0.7053,Virgin America,,wmrrock,,0,@VirginAmerica seats in Row 8 don't recline should mention that on your website #soreback,,21/02/2015 13:30,CT,Eastern Time (US & Canada)
5.69247E+17,negative,1,Late Flight,1,Virgin America,,wmrrock,,0,@VirginAmerica flight 404 delayed 2 hours in LA due to mechanical problems. Handle like pros but you could have tossed us a free drink.,,21/02/2015 13:28,CT,Eastern Time (US & Canada)
5.69245E+17,negative,0.642,Cancelled Flight,0.642,Virgin America,,BigRichTexasPam,,0,@VirginAmerica why Cancelled Flight flights today? No precipitation to be scared of!  ‚ùÑÔ∏è‚ùÑÔ∏è‚ùÑÔ∏è,"[32.8437698, -96.84928399]",21/02/2015 13:18,FREE ADVICE! ,Central Time (US & Canada)
5.6924E+17,positive,0.6667,,0,Virgin America,,aaronkurlander,,0,@VirginAmerica twitter team. you guys killed it for rescheduling me asap. thank you!,,21/02/2015 13:00,"New York, NY",Eastern Time (US & Canada)
5.69239E+17,negative,1,Cancelled Flight,0.6735,Virgin America,,MistakeCakeJake,,0,@VirginAmerica You guys charged me $100 to reschedule a flight that was then Cancelled Flighted and are now refusing to refund it. What's the deal?,,21/02/2015 12:54,,Central Time (US & Canada)
5.69237E+17,negative,1,Customer Service Issue,0.6968,Virgin America,,NoelArtiles,,0,@VirginAmerica can‚Äôt access your website from Safari on iPhone 6. Seems to work on Mac and iPad. Need iPhone to add Passbook.,"[0.0, 0.0]",21/02/2015 12:48,"Austin, TX",Central Time (US & Canada)
5.69236E+17,neutral,0.634,,0,Virgin America,,floatingatoll,,0,"@VirginAmerica on iPad and iPhone, clicking the CHECKIN link in the email I received at 24hrs before flight",,21/02/2015 12:45,"Silicon Valley, California",Pacific Time (US & Canada)
5.69236E+17,negative,0.699,Customer Service Issue,0.699,Virgin America,,floatingatoll,,0,"@VirginAmerica your mobile site is broken, shows 
""{{header.elevateUser.numOfPointsAvailable || '0' | number}} Points"", won't let me checkin",,21/02/2015 12:44,"Silicon Valley, California",Pacific Time (US & Canada)
5.69231E+17,negative,0.664,Cancelled Flight,0.3412,Virgin America,,aaronkurlander,,0,@VirginAmerica I was really looking forward to my flight. can you let me know when it will be rescheduled? #diehardvirgin,,21/02/2015 12:23,"New York, NY",Eastern Time (US & Canada)
5.6923E+17,negative,1,Cancelled Flight,0.6452,Virgin America,,aaronkurlander,,0,"@VirginAmerica why Cancelled Flight flight VX413? One sec its delayed, on my to airport, the next its Cancelled Flightled?Gonna email or call me to reschedule?",,21/02/2015 12:18,"New York, NY",Eastern Time (US & Canada)
